0,FIDEL_PT_RANGE,0,NEST,0,FIRST_DEPShort,0,N_ACT,0,LAST_DEPShort,0
1,FIDEL_PT_RANGE,0,NEST,0,FIRST_DEPShort,0,N_ACT,0,LAST_DEPShort,1
2,FIDEL_PT_RANGE,0,NEST,0,FIRST_DEPShort,0,N_ACT,0,LAST_DEPShort,2
3,FIDEL_PT_RANGE,0,NEST,0,FIRST_DEPShort,1,N_ACT,0,LAST_DEPShort,0
4,FIDEL_PT_RANGE,0,NEST,0,FIRST_DEPShort,1,N_ACT,0,LAST_DEPShort,1
5,FIDEL_PT_RANGE,0,NEST,0,FIRST_DEPShort,1,N_ACT,0,LAST_DEPShort,2
6,FIDEL_PT_RANGE,0,NEST,0,FIRST_DEPShort,2,N_ACT,0,LAST_DEPShort,0
7,FIDEL_PT_RANGE,0,NEST,0,FIRST_DEPShort,2,N_ACT,0,LAST_DEPShort,1
8,FIDEL_PT_RANGE,0,NEST,0,FIRST_DEPShort,2,N_ACT,0,LAST_DEPShort,2
9,FIDEL_PT_RANGE,0,NEST,1,FIRST_DEPShort,0,N_ACT,0,LAST_DEPShort,0
10,FIDEL_PT_RANGE,0,NEST,1,FIRST_DEPShort,0,N_ACT,0,LAST_DEPShort,1
11,FIDEL_PT_RANGE,0,NEST,1,FIRST_DEPShort,0,N_ACT,0,LAST_DEPShort,2
12,FIDEL_PT_RANGE,0,NEST,1,FIRST_DEPShort,1,N_ACT,0,LAST_DEPShort,0
13,FIDEL_PT_RANGE,0,NEST,1,FIRST_DEPShort,1,N_ACT,0,LAST_DEPShort,1
14,FIDEL_PT_RANGE,0,NEST,1,FIRST_DEPShort,1,N_ACT,0,LAST_DEPShort,2
15,FIDEL_PT_RANGE,0,NEST,1,FIRST_DEPShort,2,N_ACT,0,LAST_DEPShort,0
16,FIDEL_PT_RANGE,0,NEST,1,FIRST_DEPShort,2,N_ACT,0,LAST_DEPShort,1
17,FIDEL_PT_RANGE,0,NEST,1,FIRST_DEPShort,2,N_ACT,0,LAST_DEPShort,2
27,FIDEL_PT_RANGE,0,NEST,3,FIRST_DEPShort,0,N_ACT,0,LAST_DEPShort,0
28,FIDEL_PT_RANGE,0,NEST,3,FIRST_DEPShort,0,N_ACT,0,LAST_DEPShort,1
29,FIDEL_PT_RANGE,0,NEST,3,FIRST_DEPShort,0,N_ACT,0,LAST_DEPShort,2
30,FIDEL_PT_RANGE,0,NEST,3,FIRST_DEPShort,1,N_ACT,0,LAST_DEPShort,0
31,FIDEL_PT_RANGE,0,NEST,3,FIRST_DEPShort,1,N_ACT,0,LAST_DEPShort,1
32,FIDEL_PT_RANGE,0,NEST,3,FIRST_DEPShort,1,N_ACT,0,LAST_DEPShort,2
33,FIDEL_PT_RANGE,0,NEST,3,FIRST_DEPShort,2,N_ACT,0,LAST_DEPShort,0
34,FIDEL_PT_RANGE,0,NEST,3,FIRST_DEPShort,2,N_ACT,0,LAST_DEPShort,1
35,FIDEL_PT_RANGE,0,NEST,3,FIRST_DEPShort,2,N_ACT,0,LAST_DEPShort,2
36,FIDEL_PT_RANGE,0,NEST,4,FIRST_DEPShort,0,N_ACT,0,LAST_DEPShort,0
37,FIDEL_PT_RANGE,0,NEST,4,FIRST_DEPShort,0,N_ACT,0,LAST_DEPShort,1
38,FIDEL_PT_RANGE,0,NEST,4,FIRST_DEPShort,0,N_ACT,0,LAST_DEPShort,2
39,FIDEL_PT_RANGE,0,NEST,4,FIRST_DEPShort,1,N_ACT,0,LAST_DEPShort,0
40,FIDEL_PT_RANGE,0,NEST,4,FIRST_DEPShort,1,N_ACT,0,LAST_DEPShort,1
41,FIDEL_PT_RANGE,0,NEST,4,FIRST_DEPShort,1,N_ACT,0,LAST_DEPShort,2
42,FIDEL_PT_RANGE,0,NEST,4,FIRST_DEPShort,2,N_ACT,0,LAST_DEPShort,0
43,FIDEL_PT_RANGE,0,NEST,4,FIRST_DEPShort,2,N_ACT,0,LAST_DEPShort,1
44,FIDEL_PT_RANGE,0,NEST,4,FIRST_DEPShort,2,N_ACT,0,LAST_DEPShort,2
45,FIDEL_PT_RANGE,1,NEST,0,FIRST_DEPShort,0,N_ACT,0,LAST_DEPShort,0
46,FIDEL_PT_RANGE,1,NEST,0,FIRST_DEPShort,0,N_ACT,0,LAST_DEPShort,1
47,FIDEL_PT_RANGE,1,NEST,0,FIRST_DEPShort,0,N_ACT,0,LAST_DEPShort,2
48,FIDEL_PT_RANGE,1,NEST,0,FIRST_DEPShort,1,N_ACT,0,LAST_DEPShort,0
49,FIDEL_PT_RANGE,1,NEST,0,FIRST_DEPShort,1,N_ACT,0,LAST_DEPShort,1
50,FIDEL_PT_RANGE,1,NEST,0,FIRST_DEPShort,1,N_ACT,0,LAST_DEPShort,2
51,FIDEL_PT_RANGE,1,NEST,0,FIRST_DEPShort,2,N_ACT,0,LAST_DEPShort,0
52,FIDEL_PT_RANGE,1,NEST,0,FIRST_DEPShort,2,N_ACT,0,LAST_DEPShort,1
53,FIDEL_PT_RANGE,1,NEST,0,FIRST_DEPShort,2,N_ACT,0,LAST_DEPShort,2
54,FIDEL_PT_RANGE,1,NEST,1,FIRST_DEPShort,0,N_ACT,0,LAST_DEPShort,0
55,FIDEL_PT_RANGE,1,NEST,1,FIRST_DEPShort,0,N_ACT,0,LAST_DEPShort,1
56,FIDEL_PT_RANGE,1,NEST,1,FIRST_DEPShort,0,N_ACT,0,LAST_DEPShort,2
57,FIDEL_PT_RANGE,1,NEST,1,FIRST_DEPShort,1,N_ACT,0,LAST_DEPShort,0
58,FIDEL_PT_RANGE,1,NEST,1,FIRST_DEPShort,1,N_ACT,0,LAST_DEPShort,1
59,FIDEL_PT_RANGE,1,NEST,1,FIRST_DEPShort,1,N_ACT,0,LAST_DEPShort,2
60,FIDEL_PT_RANGE,1,NEST,1,FIRST_DEPShort,2,N_ACT,0,LAST_DEPShort,0
61,FIDEL_PT_RANGE,1,NEST,1,FIRST_DEPShort,2,N_ACT,0,LAST_DEPShort,1
62,FIDEL_PT_RANGE,1,NEST,1,FIRST_DEPShort,2,N_ACT,0,LAST_DEPShort,2
72,FIDEL_PT_RANGE,1,NEST,3,FIRST_DEPShort,0,N_ACT,0,LAST_DEPShort,0
73,FIDEL_PT_RANGE,1,NEST,3,FIRST_DEPShort,0,N_ACT,0,LAST_DEPShort,1
74,FIDEL_PT_RANGE,1,NEST,3,FIRST_DEPShort,0,N_ACT,0,LAST_DEPShort,2
75,FIDEL_PT_RANGE,1,NEST,3,FIRST_DEPShort,1,N_ACT,0,LAST_DEPShort,0
76,FIDEL_PT_RANGE,1,NEST,3,FIRST_DEPShort,1,N_ACT,0,LAST_DEPShort,1
77,FIDEL_PT_RANGE,1,NEST,3,FIRST_DEPShort,1,N_ACT,0,LAST_DEPShort,2
78,FIDEL_PT_RANGE,1,NEST,3,FIRST_DEPShort,2,N_ACT,0,LAST_DEPShort,0
79,FIDEL_PT_RANGE,1,NEST,3,FIRST_DEPShort,2,N_ACT,0,LAST_DEPShort,1
80,FIDEL_PT_RANGE,1,NEST,3,FIRST_DEPShort,2,N_ACT,0,LAST_DEPShort,2
81,FIDEL_PT_RANGE,1,NEST,4,FIRST_DEPShort,0,N_ACT,0,LAST_DEPShort,0
82,FIDEL_PT_RANGE,1,NEST,4,FIRST_DEPShort,0,N_ACT,0,LAST_DEPShort,1
83,FIDEL_PT_RANGE,1,NEST,4,FIRST_DEPShort,0,N_ACT,0,LAST_DEPShort,2
84,FIDEL_PT_RANGE,1,NEST,4,FIRST_DEPShort,1,N_ACT,0,LAST_DEPShort,0
85,FIDEL_PT_RANGE,1,NEST,4,FIRST_DEPShort,1,N_ACT,0,LAST_DEPShort,1
86,FIDEL_PT_RANGE,1,NEST,4,FIRST_DEPShort,1,N_ACT,0,LAST_DEPShort,2
87,FIDEL_PT_RANGE,1,NEST,4,FIRST_DEPShort,2,N_ACT,0,LAST_DEPShort,0
88,FIDEL_PT_RANGE,1,NEST,4,FIRST_DEPShort,2,N_ACT,0,LAST_DEPShort,1
89,FIDEL_PT_RANGE,1,NEST,4,FIRST_DEPShort,2,N_ACT,0,LAST_DEPShort,2
90,FIDEL_PT_RANGE,2,NEST,0,FIRST_DEPShort,0,N_ACT,0,LAST_DEPShort,0
91,FIDEL_PT_RANGE,2,NEST,0,FIRST_DEPShort,0,N_ACT,0,LAST_DEPShort,1
92,FIDEL_PT_RANGE,2,NEST,0,FIRST_DEPShort,0,N_ACT,0,LAST_DEPShort,2
93,FIDEL_PT_RANGE,2,NEST,0,FIRST_DEPShort,1,N_ACT,0,LAST_DEPShort,0
94,FIDEL_PT_RANGE,2,NEST,0,FIRST_DEPShort,1,N_ACT,0,LAST_DEPShort,1
95,FIDEL_PT_RANGE,2,NEST,0,FIRST_DEPShort,1,N_ACT,0,LAST_DEPShort,2
96,FIDEL_PT_RANGE,2,NEST,0,FIRST_DEPShort,2,N_ACT,0,LAST_DEPShort,0
97,FIDEL_PT_RANGE,2,NEST,0,FIRST_DEPShort,2,N_ACT,0,LAST_DEPShort,1
98,FIDEL_PT_RANGE,2,NEST,0,FIRST_DEPShort,2,N_ACT,0,LAST_DEPShort,2
99,FIDEL_PT_RANGE,2,NEST,1,FIRST_DEPShort,0,N_ACT,0,LAST_DEPShort,0
100,FIDEL_PT_RANGE,2,NEST,1,FIRST_DEPShort,0,N_ACT,0,LAST_DEPShort,1
101,FIDEL_PT_RANGE,2,NEST,1,FIRST_DEPShort,0,N_ACT,0,LAST_DEPShort,2
102,FIDEL_PT_RANGE,2,NEST,1,FIRST_DEPShort,1,N_ACT,0,LAST_DEPShort,0
103,FIDEL_PT_RANGE,2,NEST,1,FIRST_DEPShort,1,N_ACT,0,LAST_DEPShort,1
104,FIDEL_PT_RANGE,2,NEST,1,FIRST_DEPShort,1,N_ACT,0,LAST_DEPShort,2
105,FIDEL_PT_RANGE,2,NEST,1,FIRST_DEPShort,2,N_ACT,0,LAST_DEPShort,0
106,FIDEL_PT_RANGE,2,NEST,1,FIRST_DEPShort,2,N_ACT,0,LAST_DEPShort,1
107,FIDEL_PT_RANGE,2,NEST,1,FIRST_DEPShort,2,N_ACT,0,LAST_DEPShort,2
117,FIDEL_PT_RANGE,2,NEST,3,FIRST_DEPShort,0,N_ACT,0,LAST_DEPShort,0
118,FIDEL_PT_RANGE,2,NEST,3,FIRST_DEPShort,0,N_ACT,0,LAST_DEPShort,1
119,FIDEL_PT_RANGE,2,NEST,3,FIRST_DEPShort,0,N_ACT,0,LAST_DEPShort,2
120,FIDEL_PT_RANGE,2,NEST,3,FIRST_DEPShort,1,N_ACT,0,LAST_DEPShort,0
121,FIDEL_PT_RANGE,2,NEST,3,FIRST_DEPShort,1,N_ACT,0,LAST_DEPShort,1
122,FIDEL_PT_RANGE,2,NEST,3,FIRST_DEPShort,1,N_ACT,0,LAST_DEPShort,2
123,FIDEL_PT_RANGE,2,NEST,3,FIRST_DEPShort,2,N_ACT,0,LAST_DEPShort,0
124,FIDEL_PT_RANGE,2,NEST,3,FIRST_DEPShort,2,N_ACT,0,LAST_DEPShort,1
125,FIDEL_PT_RANGE,2,NEST,3,FIRST_DEPShort,2,N_ACT,0,LAST_DEPShort,2
126,FIDEL_PT_RANGE,2,NEST,4,FIRST_DEPShort,0,N_ACT,0,LAST_DEPShort,0
127,FIDEL_PT_RANGE,2,NEST,4,FIRST_DEPShort,0,N_ACT,0,LAST_DEPShort,1
128,FIDEL_PT_RANGE,2,NEST,4,FIRST_DEPShort,0,N_ACT,0,LAST_DEPShort,2
129,FIDEL_PT_RANGE,2,NEST,4,FIRST_DEPShort,1,N_ACT,0,LAST_DEPShort,0
130,FIDEL_PT_RANGE,2,NEST,4,FIRST_DEPShort,1,N_ACT,0,LAST_DEPShort,1
131,FIDEL_PT_RANGE,2,NEST,4,FIRST_DEPShort,1,N_ACT,0,LAST_DEPShort,2
132,FIDEL_PT_RANGE,2,NEST,4,FIRST_DEPShort,2,N_ACT,0,LAST_DEPShort,0
133,FIDEL_PT_RANGE,2,NEST,4,FIRST_DEPShort,2,N_ACT,0,LAST_DEPShort,1
134,FIDEL_PT_RANGE,2,NEST,4,FIRST_DEPShort,2,N_ACT,0,LAST_DEPShort,2
135,FIDEL_PT_RANGE,0,NEST,0,FIRST_DEPShort,0,N_ACT,1,LAST_DEPShort,0
136,FIDEL_PT_RANGE,0,NEST,0,FIRST_DEPShort,0,N_ACT,1,LAST_DEPShort,1
137,FIDEL_PT_RANGE,0,NEST,0,FIRST_DEPShort,0,N_ACT,1,LAST_DEPShort,2
138,FIDEL_PT_RANGE,0,NEST,0,FIRST_DEPShort,1,N_ACT,1,LAST_DEPShort,0
139,FIDEL_PT_RANGE,0,NEST,0,FIRST_DEPShort,1,N_ACT,1,LAST_DEPShort,1
140,FIDEL_PT_RANGE,0,NEST,0,FIRST_DEPShort,1,N_ACT,1,LAST_DEPShort,2
141,FIDEL_PT_RANGE,0,NEST,0,FIRST_DEPShort,2,N_ACT,1,LAST_DEPShort,0
142,FIDEL_PT_RANGE,0,NEST,0,FIRST_DEPShort,2,N_ACT,1,LAST_DEPShort,1
143,FIDEL_PT_RANGE,0,NEST,0,FIRST_DEPShort,2,N_ACT,1,LAST_DEPShort,2
144,FIDEL_PT_RANGE,0,NEST,1,FIRST_DEPShort,0,N_ACT,1,LAST_DEPShort,0
145,FIDEL_PT_RANGE,0,NEST,1,FIRST_DEPShort,0,N_ACT,1,LAST_DEPShort,1
146,FIDEL_PT_RANGE,0,NEST,1,FIRST_DEPShort,0,N_ACT,1,LAST_DEPShort,2
147,FIDEL_PT_RANGE,0,NEST,1,FIRST_DEPShort,1,N_ACT,1,LAST_DEPShort,0
148,FIDEL_PT_RANGE,0,NEST,1,FIRST_DEPShort,1,N_ACT,1,LAST_DEPShort,1
149,FIDEL_PT_RANGE,0,NEST,1,FIRST_DEPShort,1,N_ACT,1,LAST_DEPShort,2
150,FIDEL_PT_RANGE,0,NEST,1,FIRST_DEPShort,2,N_ACT,1,LAST_DEPShort,0
151,FIDEL_PT_RANGE,0,NEST,1,FIRST_DEPShort,2,N_ACT,1,LAST_DEPShort,1
152,FIDEL_PT_RANGE,0,NEST,1,FIRST_DEPShort,2,N_ACT,1,LAST_DEPShort,2
162,FIDEL_PT_RANGE,0,NEST,3,FIRST_DEPShort,0,N_ACT,1,LAST_DEPShort,0
163,FIDEL_PT_RANGE,0,NEST,3,FIRST_DEPShort,0,N_ACT,1,LAST_DEPShort,1
164,FIDEL_PT_RANGE,0,NEST,3,FIRST_DEPShort,0,N_ACT,1,LAST_DEPShort,2
165,FIDEL_PT_RANGE,0,NEST,3,FIRST_DEPShort,1,N_ACT,1,LAST_DEPShort,0
166,FIDEL_PT_RANGE,0,NEST,3,FIRST_DEPShort,1,N_ACT,1,LAST_DEPShort,1
167,FIDEL_PT_RANGE,0,NEST,3,FIRST_DEPShort,1,N_ACT,1,LAST_DEPShort,2
168,FIDEL_PT_RANGE,0,NEST,3,FIRST_DEPShort,2,N_ACT,1,LAST_DEPShort,0
169,FIDEL_PT_RANGE,0,NEST,3,FIRST_DEPShort,2,N_ACT,1,LAST_DEPShort,1
170,FIDEL_PT_RANGE,0,NEST,3,FIRST_DEPShort,2,N_ACT,1,LAST_DEPShort,2
171,FIDEL_PT_RANGE,0,NEST,4,FIRST_DEPShort,0,N_ACT,1,LAST_DEPShort,0
172,FIDEL_PT_RANGE,0,NEST,4,FIRST_DEPShort,0,N_ACT,1,LAST_DEPShort,1
173,FIDEL_PT_RANGE,0,NEST,4,FIRST_DEPShort,0,N_ACT,1,LAST_DEPShort,2
174,FIDEL_PT_RANGE,0,NEST,4,FIRST_DEPShort,1,N_ACT,1,LAST_DEPShort,0
175,FIDEL_PT_RANGE,0,NEST,4,FIRST_DEPShort,1,N_ACT,1,LAST_DEPShort,1
176,FIDEL_PT_RANGE,0,NEST,4,FIRST_DEPShort,1,N_ACT,1,LAST_DEPShort,2
177,FIDEL_PT_RANGE,0,NEST,4,FIRST_DEPShort,2,N_ACT,1,LAST_DEPShort,0
178,FIDEL_PT_RANGE,0,NEST,4,FIRST_DEPShort,2,N_ACT,1,LAST_DEPShort,1
179,FIDEL_PT_RANGE,0,NEST,4,FIRST_DEPShort,2,N_ACT,1,LAST_DEPShort,2
180,FIDEL_PT_RANGE,1,NEST,0,FIRST_DEPShort,0,N_ACT,1,LAST_DEPShort,0
181,FIDEL_PT_RANGE,1,NEST,0,FIRST_DEPShort,0,N_ACT,1,LAST_DEPShort,1
182,FIDEL_PT_RANGE,1,NEST,0,FIRST_DEPShort,0,N_ACT,1,LAST_DEPShort,2
183,FIDEL_PT_RANGE,1,NEST,0,FIRST_DEPShort,1,N_ACT,1,LAST_DEPShort,0
184,FIDEL_PT_RANGE,1,NEST,0,FIRST_DEPShort,1,N_ACT,1,LAST_DEPShort,1
185,FIDEL_PT_RANGE,1,NEST,0,FIRST_DEPShort,1,N_ACT,1,LAST_DEPShort,2
186,FIDEL_PT_RANGE,1,NEST,0,FIRST_DEPShort,2,N_ACT,1,LAST_DEPShort,0
187,FIDEL_PT_RANGE,1,NEST,0,FIRST_DEPShort,2,N_ACT,1,LAST_DEPShort,1
188,FIDEL_PT_RANGE,1,NEST,0,FIRST_DEPShort,2,N_ACT,1,LAST_DEPShort,2
189,FIDEL_PT_RANGE,1,NEST,1,FIRST_DEPShort,0,N_ACT,1,LAST_DEPShort,0
190,FIDEL_PT_RANGE,1,NEST,1,FIRST_DEPShort,0,N_ACT,1,LAST_DEPShort,1
191,FIDEL_PT_RANGE,1,NEST,1,FIRST_DEPShort,0,N_ACT,1,LAST_DEPShort,2
192,FIDEL_PT_RANGE,1,NEST,1,FIRST_DEPShort,1,N_ACT,1,LAST_DEPShort,0
193,FIDEL_PT_RANGE,1,NEST,1,FIRST_DEPShort,1,N_ACT,1,LAST_DEPShort,1
194,FIDEL_PT_RANGE,1,NEST,1,FIRST_DEPShort,1,N_ACT,1,LAST_DEPShort,2
195,FIDEL_PT_RANGE,1,NEST,1,FIRST_DEPShort,2,N_ACT,1,LAST_DEPShort,0
196,FIDEL_PT_RANGE,1,NEST,1,FIRST_DEPShort,2,N_ACT,1,LAST_DEPShort,1
197,FIDEL_PT_RANGE,1,NEST,1,FIRST_DEPShort,2,N_ACT,1,LAST_DEPShort,2
198,FIDEL_PT_RANGE,1,NEST,2,FIRST_DEPShort,0,N_ACT,1,LAST_DEPShort,0
199,FIDEL_PT_RANGE,1,NEST,2,FIRST_DEPShort,0,N_ACT,1,LAST_DEPShort,1
200,FIDEL_PT_RANGE,1,NEST,2,FIRST_DEPShort,0,N_ACT,1,LAST_DEPShort,2
201,FIDEL_PT_RANGE,1,NEST,2,FIRST_DEPShort,1,N_ACT,1,LAST_DEPShort,0
202,FIDEL_PT_RANGE,1,NEST,2,FIRST_DEPShort,1,N_ACT,1,LAST_DEPShort,1
203,FIDEL_PT_RANGE,1,NEST,2,FIRST_DEPShort,1,N_ACT,1,LAST_DEPShort,2
204,FIDEL_PT_RANGE,1,NEST,2,FIRST_DEPShort,2,N_ACT,1,LAST_DEPShort,0
205,FIDEL_PT_RANGE,1,NEST,2,FIRST_DEPShort,2,N_ACT,1,LAST_DEPShort,1
206,FIDEL_PT_RANGE,1,NEST,2,FIRST_DEPShort,2,N_ACT,1,LAST_DEPShort,2
207,FIDEL_PT_RANGE,1,NEST,3,FIRST_DEPShort,0,N_ACT,1,LAST_DEPShort,0
208,FIDEL_PT_RANGE,1,NEST,3,FIRST_DEPShort,0,N_ACT,1,LAST_DEPShort,1
209,FIDEL_PT_RANGE,1,NEST,3,FIRST_DEPShort,0,N_ACT,1,LAST_DEPShort,2
210,FIDEL_PT_RANGE,1,NEST,3,FIRST_DEPShort,1,N_ACT,1,LAST_DEPShort,0
211,FIDEL_PT_RANGE,1,NEST,3,FIRST_DEPShort,1,N_ACT,1,LAST_DEPShort,1
212,FIDEL_PT_RANGE,1,NEST,3,FIRST_DEPShort,1,N_ACT,1,LAST_DEPShort,2
213,FIDEL_PT_RANGE,1,NEST,3,FIRST_DEPShort,2,N_ACT,1,LAST_DEPShort,0
214,FIDEL_PT_RANGE,1,NEST,3,FIRST_DEPShort,2,N_ACT,1,LAST_DEPShort,1
215,FIDEL_PT_RANGE,1,NEST,3,FIRST_DEPShort,2,N_ACT,1,LAST_DEPShort,2
216,FIDEL_PT_RANGE,1,NEST,4,FIRST_DEPShort,0,N_ACT,1,LAST_DEPShort,0
217,FIDEL_PT_RANGE,1,NEST,4,FIRST_DEPShort,0,N_ACT,1,LAST_DEPShort,1
218,FIDEL_PT_RANGE,1,NEST,4,FIRST_DEPShort,0,N_ACT,1,LAST_DEPShort,2
219,FIDEL_PT_RANGE,1,NEST,4,FIRST_DEPShort,1,N_ACT,1,LAST_DEPShort,0
220,FIDEL_PT_RANGE,1,NEST,4,FIRST_DEPShort,1,N_ACT,1,LAST_DEPShort,1
221,FIDEL_PT_RANGE,1,NEST,4,FIRST_DEPShort,1,N_ACT,1,LAST_DEPShort,2
222,FIDEL_PT_RANGE,1,NEST,4,FIRST_DEPShort,2,N_ACT,1,LAST_DEPShort,0
223,FIDEL_PT_RANGE,1,NEST,4,FIRST_DEPShort,2,N_ACT,1,LAST_DEPShort,1
224,FIDEL_PT_RANGE,1,NEST,4,FIRST_DEPShort,2,N_ACT,1,LAST_DEPShort,2
225,FIDEL_PT_RANGE,2,NEST,0,FIRST_DEPShort,0,N_ACT,1,LAST_DEPShort,0
226,FIDEL_PT_RANGE,2,NEST,0,FIRST_DEPShort,0,N_ACT,1,LAST_DEPShort,1
227,FIDEL_PT_RANGE,2,NEST,0,FIRST_DEPShort,0,N_ACT,1,LAST_DEPShort,2
228,FIDEL_PT_RANGE,2,NEST,0,FIRST_DEPShort,1,N_ACT,1,LAST_DEPShort,0
229,FIDEL_PT_RANGE,2,NEST,0,FIRST_DEPShort,1,N_ACT,1,LAST_DEPShort,1
230,FIDEL_PT_RANGE,2,NEST,0,FIRST_DEPShort,1,N_ACT,1,LAST_DEPShort,2
231,FIDEL_PT_RANGE,2,NEST,0,FIRST_DEPShort,2,N_ACT,1,LAST_DEPShort,0
232,FIDEL_PT_RANGE,2,NEST,0,FIRST_DEPShort,2,N_ACT,1,LAST_DEPShort,1
233,FIDEL_PT_RANGE,2,NEST,0,FIRST_DEPShort,2,N_ACT,1,LAST_DEPShort,2
234,FIDEL_PT_RANGE,2,NEST,1,FIRST_DEPShort,0,N_ACT,1,LAST_DEPShort,0
235,FIDEL_PT_RANGE,2,NEST,1,FIRST_DEPShort,0,N_ACT,1,LAST_DEPShort,1
236,FIDEL_PT_RANGE,2,NEST,1,FIRST_DEPShort,0,N_ACT,1,LAST_DEPShort,2
237,FIDEL_PT_RANGE,2,NEST,1,FIRST_DEPShort,1,N_ACT,1,LAST_DEPShort,0
238,FIDEL_PT_RANGE,2,NEST,1,FIRST_DEPShort,1,N_ACT,1,LAST_DEPShort,1
239,FIDEL_PT_RANGE,2,NEST,1,FIRST_DEPShort,1,N_ACT,1,LAST_DEPShort,2
240,FIDEL_PT_RANGE,2,NEST,1,FIRST_DEPShort,2,N_ACT,1,LAST_DEPShort,0
241,FIDEL_PT_RANGE,2,NEST,1,FIRST_DEPShort,2,N_ACT,1,LAST_DEPShort,1
242,FIDEL_PT_RANGE,2,NEST,1,FIRST_DEPShort,2,N_ACT,1,LAST_DEPShort,2
243,FIDEL_PT_RANGE,2,NEST,2,FIRST_DEPShort,0,N_ACT,1,LAST_DEPShort,0
244,FIDEL_PT_RANGE,2,NEST,2,FIRST_DEPShort,0,N_ACT,1,LAST_DEPShort,1
245,FIDEL_PT_RANGE,2,NEST,2,FIRST_DEPShort,0,N_ACT,1,LAST_DEPShort,2
246,FIDEL_PT_RANGE,2,NEST,2,FIRST_DEPShort,1,N_ACT,1,LAST_DEPShort,0
247,FIDEL_PT_RANGE,2,NEST,2,FIRST_DEPShort,1,N_ACT,1,LAST_DEPShort,1
248,FIDEL_PT_RANGE,2,NEST,2,FIRST_DEPShort,1,N_ACT,1,LAST_DEPShort,2
249,FIDEL_PT_RANGE,2,NEST,2,FIRST_DEPShort,2,N_ACT,1,LAST_DEPShort,0
250,FIDEL_PT_RANGE,2,NEST,2,FIRST_DEPShort,2,N_ACT,1,LAST_DEPShort,1
251,FIDEL_PT_RANGE,2,NEST,2,FIRST_DEPShort,2,N_ACT,1,LAST_DEPShort,2
252,FIDEL_PT_RANGE,2,NEST,3,FIRST_DEPShort,0,N_ACT,1,LAST_DEPShort,0
253,FIDEL_PT_RANGE,2,NEST,3,FIRST_DEPShort,0,N_ACT,1,LAST_DEPShort,1
254,FIDEL_PT_RANGE,2,NEST,3,FIRST_DEPShort,0,N_ACT,1,LAST_DEPShort,2
255,FIDEL_PT_RANGE,2,NEST,3,FIRST_DEPShort,1,N_ACT,1,LAST_DEPShort,0
256,FIDEL_PT_RANGE,2,NEST,3,FIRST_DEPShort,1,N_ACT,1,LAST_DEPShort,1
257,FIDEL_PT_RANGE,2,NEST,3,FIRST_DEPShort,1,N_ACT,1,LAST_DEPShort,2
258,FIDEL_PT_RANGE,2,NEST,3,FIRST_DEPShort,2,N_ACT,1,LAST_DEPShort,0
259,FIDEL_PT_RANGE,2,NEST,3,FIRST_DEPShort,2,N_ACT,1,LAST_DEPShort,1
260,FIDEL_PT_RANGE,2,NEST,3,FIRST_DEPShort,2,N_ACT,1,LAST_DEPShort,2
261,FIDEL_PT_RANGE,2,NEST,4,FIRST_DEPShort,0,N_ACT,1,LAST_DEPShort,0
262,FIDEL_PT_RANGE,2,NEST,4,FIRST_DEPShort,0,N_ACT,1,LAST_DEPShort,1
263,FIDEL_PT_RANGE,2,NEST,4,FIRST_DEPShort,0,N_ACT,1,LAST_DEPShort,2
264,FIDEL_PT_RANGE,2,NEST,4,FIRST_DEPShort,1,N_ACT,1,LAST_DEPShort,0
265,FIDEL_PT_RANGE,2,NEST,4,FIRST_DEPShort,1,N_ACT,1,LAST_DEPShort,1
266,FIDEL_PT_RANGE,2,NEST,4,FIRST_DEPShort,1,N_ACT,1,LAST_DEPShort,2
267,FIDEL_PT_RANGE,2,NEST,4,FIRST_DEPShort,2,N_ACT,1,LAST_DEPShort,0
268,FIDEL_PT_RANGE,2,NEST,4,FIRST_DEPShort,2,N_ACT,1,LAST_DEPShort,1
269,FIDEL_PT_RANGE,2,NEST,4,FIRST_DEPShort,2,N_ACT,1,LAST_DEPShort,2
270,FIDEL_PT_RANGE,0,NEST,0,FIRST_DEPShort,0,N_ACT,2,LAST_DEPShort,0
271,FIDEL_PT_RANGE,0,NEST,0,FIRST_DEPShort,0,N_ACT,2,LAST_DEPShort,1
272,FIDEL_PT_RANGE,0,NEST,0,FIRST_DEPShort,0,N_ACT,2,LAST_DEPShort,2
273,FIDEL_PT_RANGE,0,NEST,0,FIRST_DEPShort,1,N_ACT,2,LAST_DEPShort,0
274,FIDEL_PT_RANGE,0,NEST,0,FIRST_DEPShort,1,N_ACT,2,LAST_DEPShort,1
275,FIDEL_PT_RANGE,0,NEST,0,FIRST_DEPShort,1,N_ACT,2,LAST_DEPShort,2
276,FIDEL_PT_RANGE,0,NEST,0,FIRST_DEPShort,2,N_ACT,2,LAST_DEPShort,0
277,FIDEL_PT_RANGE,0,NEST,0,FIRST_DEPShort,2,N_ACT,2,LAST_DEPShort,1
278,FIDEL_PT_RANGE,0,NEST,0,FIRST_DEPShort,2,N_ACT,2,LAST_DEPShort,2
279,FIDEL_PT_RANGE,0,NEST,1,FIRST_DEPShort,0,N_ACT,2,LAST_DEPShort,0
280,FIDEL_PT_RANGE,0,NEST,1,FIRST_DEPShort,0,N_ACT,2,LAST_DEPShort,1
281,FIDEL_PT_RANGE,0,NEST,1,FIRST_DEPShort,0,N_ACT,2,LAST_DEPShort,2
282,FIDEL_PT_RANGE,0,NEST,1,FIRST_DEPShort,1,N_ACT,2,LAST_DEPShort,0
283,FIDEL_PT_RANGE,0,NEST,1,FIRST_DEPShort,1,N_ACT,2,LAST_DEPShort,1
284,FIDEL_PT_RANGE,0,NEST,1,FIRST_DEPShort,1,N_ACT,2,LAST_DEPShort,2
285,FIDEL_PT_RANGE,0,NEST,1,FIRST_DEPShort,2,N_ACT,2,LAST_DEPShort,0
286,FIDEL_PT_RANGE,0,NEST,1,FIRST_DEPShort,2,N_ACT,2,LAST_DEPShort,1
287,FIDEL_PT_RANGE,0,NEST,1,FIRST_DEPShort,2,N_ACT,2,LAST_DEPShort,2
297,FIDEL_PT_RANGE,0,NEST,3,FIRST_DEPShort,0,N_ACT,2,LAST_DEPShort,0
298,FIDEL_PT_RANGE,0,NEST,3,FIRST_DEPShort,0,N_ACT,2,LAST_DEPShort,1
299,FIDEL_PT_RANGE,0,NEST,3,FIRST_DEPShort,0,N_ACT,2,LAST_DEPShort,2
300,FIDEL_PT_RANGE,0,NEST,3,FIRST_DEPShort,1,N_ACT,2,LAST_DEPShort,0
301,FIDEL_PT_RANGE,0,NEST,3,FIRST_DEPShort,1,N_ACT,2,LAST_DEPShort,1
302,FIDEL_PT_RANGE,0,NEST,3,FIRST_DEPShort,1,N_ACT,2,LAST_DEPShort,2
303,FIDEL_PT_RANGE,0,NEST,3,FIRST_DEPShort,2,N_ACT,2,LAST_DEPShort,0
304,FIDEL_PT_RANGE,0,NEST,3,FIRST_DEPShort,2,N_ACT,2,LAST_DEPShort,1
305,FIDEL_PT_RANGE,0,NEST,3,FIRST_DEPShort,2,N_ACT,2,LAST_DEPShort,2
306,FIDEL_PT_RANGE,0,NEST,4,FIRST_DEPShort,0,N_ACT,2,LAST_DEPShort,0
307,FIDEL_PT_RANGE,0,NEST,4,FIRST_DEPShort,0,N_ACT,2,LAST_DEPShort,1
308,FIDEL_PT_RANGE,0,NEST,4,FIRST_DEPShort,0,N_ACT,2,LAST_DEPShort,2
309,FIDEL_PT_RANGE,0,NEST,4,FIRST_DEPShort,1,N_ACT,2,LAST_DEPShort,0
310,FIDEL_PT_RANGE,0,NEST,4,FIRST_DEPShort,1,N_ACT,2,LAST_DEPShort,1
311,FIDEL_PT_RANGE,0,NEST,4,FIRST_DEPShort,1,N_ACT,2,LAST_DEPShort,2
312,FIDEL_PT_RANGE,0,NEST,4,FIRST_DEPShort,2,N_ACT,2,LAST_DEPShort,0
313,FIDEL_PT_RANGE,0,NEST,4,FIRST_DEPShort,2,N_ACT,2,LAST_DEPShort,1
314,FIDEL_PT_RANGE,0,NEST,4,FIRST_DEPShort,2,N_ACT,2,LAST_DEPShort,2
315,FIDEL_PT_RANGE,1,NEST,0,FIRST_DEPShort,0,N_ACT,2,LAST_DEPShort,0
316,FIDEL_PT_RANGE,1,NEST,0,FIRST_DEPShort,0,N_ACT,2,LAST_DEPShort,1
317,FIDEL_PT_RANGE,1,NEST,0,FIRST_DEPShort,0,N_ACT,2,LAST_DEPShort,2
318,FIDEL_PT_RANGE,1,NEST,0,FIRST_DEPShort,1,N_ACT,2,LAST_DEPShort,0
319,FIDEL_PT_RANGE,1,NEST,0,FIRST_DEPShort,1,N_ACT,2,LAST_DEPShort,1
320,FIDEL_PT_RANGE,1,NEST,0,FIRST_DEPShort,1,N_ACT,2,LAST_DEPShort,2
321,FIDEL_PT_RANGE,1,NEST,0,FIRST_DEPShort,2,N_ACT,2,LAST_DEPShort,0
322,FIDEL_PT_RANGE,1,NEST,0,FIRST_DEPShort,2,N_ACT,2,LAST_DEPShort,1
323,FIDEL_PT_RANGE,1,NEST,0,FIRST_DEPShort,2,N_ACT,2,LAST_DEPShort,2
324,FIDEL_PT_RANGE,1,NEST,1,FIRST_DEPShort,0,N_ACT,2,LAST_DEPShort,0
325,FIDEL_PT_RANGE,1,NEST,1,FIRST_DEPShort,0,N_ACT,2,LAST_DEPShort,1
326,FIDEL_PT_RANGE,1,NEST,1,FIRST_DEPShort,0,N_ACT,2,LAST_DEPShort,2
327,FIDEL_PT_RANGE,1,NEST,1,FIRST_DEPShort,1,N_ACT,2,LAST_DEPShort,0
328,FIDEL_PT_RANGE,1,NEST,1,FIRST_DEPShort,1,N_ACT,2,LAST_DEPShort,1
329,FIDEL_PT_RANGE,1,NEST,1,FIRST_DEPShort,1,N_ACT,2,LAST_DEPShort,2
330,FIDEL_PT_RANGE,1,NEST,1,FIRST_DEPShort,2,N_ACT,2,LAST_DEPShort,0
331,FIDEL_PT_RANGE,1,NEST,1,FIRST_DEPShort,2,N_ACT,2,LAST_DEPShort,1
332,FIDEL_PT_RANGE,1,NEST,1,FIRST_DEPShort,2,N_ACT,2,LAST_DEPShort,2
333,FIDEL_PT_RANGE,1,NEST,2,FIRST_DEPShort,0,N_ACT,2,LAST_DEPShort,0
334,FIDEL_PT_RANGE,1,NEST,2,FIRST_DEPShort,0,N_ACT,2,LAST_DEPShort,1
335,FIDEL_PT_RANGE,1,NEST,2,FIRST_DEPShort,0,N_ACT,2,LAST_DEPShort,2
336,FIDEL_PT_RANGE,1,NEST,2,FIRST_DEPShort,1,N_ACT,2,LAST_DEPShort,0
337,FIDEL_PT_RANGE,1,NEST,2,FIRST_DEPShort,1,N_ACT,2,LAST_DEPShort,1
338,FIDEL_PT_RANGE,1,NEST,2,FIRST_DEPShort,1,N_ACT,2,LAST_DEPShort,2
339,FIDEL_PT_RANGE,1,NEST,2,FIRST_DEPShort,2,N_ACT,2,LAST_DEPShort,0
340,FIDEL_PT_RANGE,1,NEST,2,FIRST_DEPShort,2,N_ACT,2,LAST_DEPShort,1
341,FIDEL_PT_RANGE,1,NEST,2,FIRST_DEPShort,2,N_ACT,2,LAST_DEPShort,2
342,FIDEL_PT_RANGE,1,NEST,3,FIRST_DEPShort,0,N_ACT,2,LAST_DEPShort,0
343,FIDEL_PT_RANGE,1,NEST,3,FIRST_DEPShort,0,N_ACT,2,LAST_DEPShort,1
344,FIDEL_PT_RANGE,1,NEST,3,FIRST_DEPShort,0,N_ACT,2,LAST_DEPShort,2
345,FIDEL_PT_RANGE,1,NEST,3,FIRST_DEPShort,1,N_ACT,2,LAST_DEPShort,0
346,FIDEL_PT_RANGE,1,NEST,3,FIRST_DEPShort,1,N_ACT,2,LAST_DEPShort,1
347,FIDEL_PT_RANGE,1,NEST,3,FIRST_DEPShort,1,N_ACT,2,LAST_DEPShort,2
348,FIDEL_PT_RANGE,1,NEST,3,FIRST_DEPShort,2,N_ACT,2,LAST_DEPShort,0
349,FIDEL_PT_RANGE,1,NEST,3,FIRST_DEPShort,2,N_ACT,2,LAST_DEPShort,1
350,FIDEL_PT_RANGE,1,NEST,3,FIRST_DEPShort,2,N_ACT,2,LAST_DEPShort,2
351,FIDEL_PT_RANGE,1,NEST,4,FIRST_DEPShort,0,N_ACT,2,LAST_DEPShort,0
352,FIDEL_PT_RANGE,1,NEST,4,FIRST_DEPShort,0,N_ACT,2,LAST_DEPShort,1
353,FIDEL_PT_RANGE,1,NEST,4,FIRST_DEPShort,0,N_ACT,2,LAST_DEPShort,2
354,FIDEL_PT_RANGE,1,NEST,4,FIRST_DEPShort,1,N_ACT,2,LAST_DEPShort,0
355,FIDEL_PT_RANGE,1,NEST,4,FIRST_DEPShort,1,N_ACT,2,LAST_DEPShort,1
356,FIDEL_PT_RANGE,1,NEST,4,FIRST_DEPShort,1,N_ACT,2,LAST_DEPShort,2
357,FIDEL_PT_RANGE,1,NEST,4,FIRST_DEPShort,2,N_ACT,2,LAST_DEPShort,0
358,FIDEL_PT_RANGE,1,NEST,4,FIRST_DEPShort,2,N_ACT,2,LAST_DEPShort,1
359,FIDEL_PT_RANGE,1,NEST,4,FIRST_DEPShort,2,N_ACT,2,LAST_DEPShort,2
360,FIDEL_PT_RANGE,2,NEST,0,FIRST_DEPShort,0,N_ACT,2,LAST_DEPShort,0
361,FIDEL_PT_RANGE,2,NEST,0,FIRST_DEPShort,0,N_ACT,2,LAST_DEPShort,1
362,FIDEL_PT_RANGE,2,NEST,0,FIRST_DEPShort,0,N_ACT,2,LAST_DEPShort,2
363,FIDEL_PT_RANGE,2,NEST,0,FIRST_DEPShort,1,N_ACT,2,LAST_DEPShort,0
364,FIDEL_PT_RANGE,2,NEST,0,FIRST_DEPShort,1,N_ACT,2,LAST_DEPShort,1
365,FIDEL_PT_RANGE,2,NEST,0,FIRST_DEPShort,1,N_ACT,2,LAST_DEPShort,2
366,FIDEL_PT_RANGE,2,NEST,0,FIRST_DEPShort,2,N_ACT,2,LAST_DEPShort,0
367,FIDEL_PT_RANGE,2,NEST,0,FIRST_DEPShort,2,N_ACT,2,LAST_DEPShort,1
368,FIDEL_PT_RANGE,2,NEST,0,FIRST_DEPShort,2,N_ACT,2,LAST_DEPShort,2
369,FIDEL_PT_RANGE,2,NEST,1,FIRST_DEPShort,0,N_ACT,2,LAST_DEPShort,0
370,FIDEL_PT_RANGE,2,NEST,1,FIRST_DEPShort,0,N_ACT,2,LAST_DEPShort,1
371,FIDEL_PT_RANGE,2,NEST,1,FIRST_DEPShort,0,N_ACT,2,LAST_DEPShort,2
372,FIDEL_PT_RANGE,2,NEST,1,FIRST_DEPShort,1,N_ACT,2,LAST_DEPShort,0
373,FIDEL_PT_RANGE,2,NEST,1,FIRST_DEPShort,1,N_ACT,2,LAST_DEPShort,1
374,FIDEL_PT_RANGE,2,NEST,1,FIRST_DEPShort,1,N_ACT,2,LAST_DEPShort,2
375,FIDEL_PT_RANGE,2,NEST,1,FIRST_DEPShort,2,N_ACT,2,LAST_DEPShort,0
376,FIDEL_PT_RANGE,2,NEST,1,FIRST_DEPShort,2,N_ACT,2,LAST_DEPShort,1
377,FIDEL_PT_RANGE,2,NEST,1,FIRST_DEPShort,2,N_ACT,2,LAST_DEPShort,2
378,FIDEL_PT_RANGE,2,NEST,2,FIRST_DEPShort,0,N_ACT,2,LAST_DEPShort,0
379,FIDEL_PT_RANGE,2,NEST,2,FIRST_DEPShort,0,N_ACT,2,LAST_DEPShort,1
380,FIDEL_PT_RANGE,2,NEST,2,FIRST_DEPShort,0,N_ACT,2,LAST_DEPShort,2
381,FIDEL_PT_RANGE,2,NEST,2,FIRST_DEPShort,1,N_ACT,2,LAST_DEPShort,0
382,FIDEL_PT_RANGE,2,NEST,2,FIRST_DEPShort,1,N_ACT,2,LAST_DEPShort,1
383,FIDEL_PT_RANGE,2,NEST,2,FIRST_DEPShort,1,N_ACT,2,LAST_DEPShort,2
384,FIDEL_PT_RANGE,2,NEST,2,FIRST_DEPShort,2,N_ACT,2,LAST_DEPShort,0
385,FIDEL_PT_RANGE,2,NEST,2,FIRST_DEPShort,2,N_ACT,2,LAST_DEPShort,1
386,FIDEL_PT_RANGE,2,NEST,2,FIRST_DEPShort,2,N_ACT,2,LAST_DEPShort,2
387,FIDEL_PT_RANGE,2,NEST,3,FIRST_DEPShort,0,N_ACT,2,LAST_DEPShort,0
388,FIDEL_PT_RANGE,2,NEST,3,FIRST_DEPShort,0,N_ACT,2,LAST_DEPShort,1
389,FIDEL_PT_RANGE,2,NEST,3,FIRST_DEPShort,0,N_ACT,2,LAST_DEPShort,2
390,FIDEL_PT_RANGE,2,NEST,3,FIRST_DEPShort,1,N_ACT,2,LAST_DEPShort,0
391,FIDEL_PT_RANGE,2,NEST,3,FIRST_DEPShort,1,N_ACT,2,LAST_DEPShort,1
392,FIDEL_PT_RANGE,2,NEST,3,FIRST_DEPShort,1,N_ACT,2,LAST_DEPShort,2
393,FIDEL_PT_RANGE,2,NEST,3,FIRST_DEPShort,2,N_ACT,2,LAST_DEPShort,0
394,FIDEL_PT_RANGE,2,NEST,3,FIRST_DEPShort,2,N_ACT,2,LAST_DEPShort,1
395,FIDEL_PT_RANGE,2,NEST,3,FIRST_DEPShort,2,N_ACT,2,LAST_DEPShort,2
396,FIDEL_PT_RANGE,2,NEST,4,FIRST_DEPShort,0,N_ACT,2,LAST_DEPShort,0
397,FIDEL_PT_RANGE,2,NEST,4,FIRST_DEPShort,0,N_ACT,2,LAST_DEPShort,1
398,FIDEL_PT_RANGE,2,NEST,4,FIRST_DEPShort,0,N_ACT,2,LAST_DEPShort,2
399,FIDEL_PT_RANGE,2,NEST,4,FIRST_DEPShort,1,N_ACT,2,LAST_DEPShort,0
400,FIDEL_PT_RANGE,2,NEST,4,FIRST_DEPShort,1,N_ACT,2,LAST_DEPShort,1
401,FIDEL_PT_RANGE,2,NEST,4,FIRST_DEPShort,1,N_ACT,2,LAST_DEPShort,2
402,FIDEL_PT_RANGE,2,NEST,4,FIRST_DEPShort,2,N_ACT,2,LAST_DEPShort,0
403,FIDEL_PT_RANGE,2,NEST,4,FIRST_DEPShort,2,N_ACT,2,LAST_DEPShort,1
404,FIDEL_PT_RANGE,2,NEST,4,FIRST_DEPShort,2,N_ACT,2,LAST_DEPShort,2
405,FIDEL_PT_RANGE,0,NEST,0,FIRST_DEPShort,0,N_ACT,3,LAST_DEPShort,0
406,FIDEL_PT_RANGE,0,NEST,0,FIRST_DEPShort,0,N_ACT,3,LAST_DEPShort,1
407,FIDEL_PT_RANGE,0,NEST,0,FIRST_DEPShort,0,N_ACT,3,LAST_DEPShort,2
408,FIDEL_PT_RANGE,0,NEST,0,FIRST_DEPShort,1,N_ACT,3,LAST_DEPShort,0
409,FIDEL_PT_RANGE,0,NEST,0,FIRST_DEPShort,1,N_ACT,3,LAST_DEPShort,1
410,FIDEL_PT_RANGE,0,NEST,0,FIRST_DEPShort,1,N_ACT,3,LAST_DEPShort,2
411,FIDEL_PT_RANGE,0,NEST,0,FIRST_DEPShort,2,N_ACT,3,LAST_DEPShort,0
412,FIDEL_PT_RANGE,0,NEST,0,FIRST_DEPShort,2,N_ACT,3,LAST_DEPShort,1
413,FIDEL_PT_RANGE,0,NEST,0,FIRST_DEPShort,2,N_ACT,3,LAST_DEPShort,2
414,FIDEL_PT_RANGE,0,NEST,1,FIRST_DEPShort,0,N_ACT,3,LAST_DEPShort,0
415,FIDEL_PT_RANGE,0,NEST,1,FIRST_DEPShort,0,N_ACT,3,LAST_DEPShort,1
416,FIDEL_PT_RANGE,0,NEST,1,FIRST_DEPShort,0,N_ACT,3,LAST_DEPShort,2
417,FIDEL_PT_RANGE,0,NEST,1,FIRST_DEPShort,1,N_ACT,3,LAST_DEPShort,0
418,FIDEL_PT_RANGE,0,NEST,1,FIRST_DEPShort,1,N_ACT,3,LAST_DEPShort,1
419,FIDEL_PT_RANGE,0,NEST,1,FIRST_DEPShort,1,N_ACT,3,LAST_DEPShort,2
420,FIDEL_PT_RANGE,0,NEST,1,FIRST_DEPShort,2,N_ACT,3,LAST_DEPShort,0
421,FIDEL_PT_RANGE,0,NEST,1,FIRST_DEPShort,2,N_ACT,3,LAST_DEPShort,1
422,FIDEL_PT_RANGE,0,NEST,1,FIRST_DEPShort,2,N_ACT,3,LAST_DEPShort,2
432,FIDEL_PT_RANGE,0,NEST,3,FIRST_DEPShort,0,N_ACT,3,LAST_DEPShort,0
433,FIDEL_PT_RANGE,0,NEST,3,FIRST_DEPShort,0,N_ACT,3,LAST_DEPShort,1
434,FIDEL_PT_RANGE,0,NEST,3,FIRST_DEPShort,0,N_ACT,3,LAST_DEPShort,2
435,FIDEL_PT_RANGE,0,NEST,3,FIRST_DEPShort,1,N_ACT,3,LAST_DEPShort,0
436,FIDEL_PT_RANGE,0,NEST,3,FIRST_DEPShort,1,N_ACT,3,LAST_DEPShort,1
437,FIDEL_PT_RANGE,0,NEST,3,FIRST_DEPShort,1,N_ACT,3,LAST_DEPShort,2
438,FIDEL_PT_RANGE,0,NEST,3,FIRST_DEPShort,2,N_ACT,3,LAST_DEPShort,0
439,FIDEL_PT_RANGE,0,NEST,3,FIRST_DEPShort,2,N_ACT,3,LAST_DEPShort,1
440,FIDEL_PT_RANGE,0,NEST,3,FIRST_DEPShort,2,N_ACT,3,LAST_DEPShort,2
441,FIDEL_PT_RANGE,0,NEST,4,FIRST_DEPShort,0,N_ACT,3,LAST_DEPShort,0
442,FIDEL_PT_RANGE,0,NEST,4,FIRST_DEPShort,0,N_ACT,3,LAST_DEPShort,1
443,FIDEL_PT_RANGE,0,NEST,4,FIRST_DEPShort,0,N_ACT,3,LAST_DEPShort,2
444,FIDEL_PT_RANGE,0,NEST,4,FIRST_DEPShort,1,N_ACT,3,LAST_DEPShort,0
445,FIDEL_PT_RANGE,0,NEST,4,FIRST_DEPShort,1,N_ACT,3,LAST_DEPShort,1
446,FIDEL_PT_RANGE,0,NEST,4,FIRST_DEPShort,1,N_ACT,3,LAST_DEPShort,2
447,FIDEL_PT_RANGE,0,NEST,4,FIRST_DEPShort,2,N_ACT,3,LAST_DEPShort,0
448,FIDEL_PT_RANGE,0,NEST,4,FIRST_DEPShort,2,N_ACT,3,LAST_DEPShort,1
449,FIDEL_PT_RANGE,0,NEST,4,FIRST_DEPShort,2,N_ACT,3,LAST_DEPShort,2
450,FIDEL_PT_RANGE,1,NEST,0,FIRST_DEPShort,0,N_ACT,3,LAST_DEPShort,0
451,FIDEL_PT_RANGE,1,NEST,0,FIRST_DEPShort,0,N_ACT,3,LAST_DEPShort,1
452,FIDEL_PT_RANGE,1,NEST,0,FIRST_DEPShort,0,N_ACT,3,LAST_DEPShort,2
453,FIDEL_PT_RANGE,1,NEST,0,FIRST_DEPShort,1,N_ACT,3,LAST_DEPShort,0
454,FIDEL_PT_RANGE,1,NEST,0,FIRST_DEPShort,1,N_ACT,3,LAST_DEPShort,1
455,FIDEL_PT_RANGE,1,NEST,0,FIRST_DEPShort,1,N_ACT,3,LAST_DEPShort,2
456,FIDEL_PT_RANGE,1,NEST,0,FIRST_DEPShort,2,N_ACT,3,LAST_DEPShort,0
457,FIDEL_PT_RANGE,1,NEST,0,FIRST_DEPShort,2,N_ACT,3,LAST_DEPShort,1
458,FIDEL_PT_RANGE,1,NEST,0,FIRST_DEPShort,2,N_ACT,3,LAST_DEPShort,2
459,FIDEL_PT_RANGE,1,NEST,1,FIRST_DEPShort,0,N_ACT,3,LAST_DEPShort,0
460,FIDEL_PT_RANGE,1,NEST,1,FIRST_DEPShort,0,N_ACT,3,LAST_DEPShort,1
461,FIDEL_PT_RANGE,1,NEST,1,FIRST_DEPShort,0,N_ACT,3,LAST_DEPShort,2
462,FIDEL_PT_RANGE,1,NEST,1,FIRST_DEPShort,1,N_ACT,3,LAST_DEPShort,0
463,FIDEL_PT_RANGE,1,NEST,1,FIRST_DEPShort,1,N_ACT,3,LAST_DEPShort,1
464,FIDEL_PT_RANGE,1,NEST,1,FIRST_DEPShort,1,N_ACT,3,LAST_DEPShort,2
465,FIDEL_PT_RANGE,1,NEST,1,FIRST_DEPShort,2,N_ACT,3,LAST_DEPShort,0
466,FIDEL_PT_RANGE,1,NEST,1,FIRST_DEPShort,2,N_ACT,3,LAST_DEPShort,1
467,FIDEL_PT_RANGE,1,NEST,1,FIRST_DEPShort,2,N_ACT,3,LAST_DEPShort,2
468,FIDEL_PT_RANGE,1,NEST,2,FIRST_DEPShort,0,N_ACT,3,LAST_DEPShort,0
469,FIDEL_PT_RANGE,1,NEST,2,FIRST_DEPShort,0,N_ACT,3,LAST_DEPShort,1
470,FIDEL_PT_RANGE,1,NEST,2,FIRST_DEPShort,0,N_ACT,3,LAST_DEPShort,2
471,FIDEL_PT_RANGE,1,NEST,2,FIRST_DEPShort,1,N_ACT,3,LAST_DEPShort,0
472,FIDEL_PT_RANGE,1,NEST,2,FIRST_DEPShort,1,N_ACT,3,LAST_DEPShort,1
473,FIDEL_PT_RANGE,1,NEST,2,FIRST_DEPShort,1,N_ACT,3,LAST_DEPShort,2
474,FIDEL_PT_RANGE,1,NEST,2,FIRST_DEPShort,2,N_ACT,3,LAST_DEPShort,0
475,FIDEL_PT_RANGE,1,NEST,2,FIRST_DEPShort,2,N_ACT,3,LAST_DEPShort,1
476,FIDEL_PT_RANGE,1,NEST,2,FIRST_DEPShort,2,N_ACT,3,LAST_DEPShort,2
477,FIDEL_PT_RANGE,1,NEST,3,FIRST_DEPShort,0,N_ACT,3,LAST_DEPShort,0
478,FIDEL_PT_RANGE,1,NEST,3,FIRST_DEPShort,0,N_ACT,3,LAST_DEPShort,1
479,FIDEL_PT_RANGE,1,NEST,3,FIRST_DEPShort,0,N_ACT,3,LAST_DEPShort,2
480,FIDEL_PT_RANGE,1,NEST,3,FIRST_DEPShort,1,N_ACT,3,LAST_DEPShort,0
481,FIDEL_PT_RANGE,1,NEST,3,FIRST_DEPShort,1,N_ACT,3,LAST_DEPShort,1
482,FIDEL_PT_RANGE,1,NEST,3,FIRST_DEPShort,1,N_ACT,3,LAST_DEPShort,2
483,FIDEL_PT_RANGE,1,NEST,3,FIRST_DEPShort,2,N_ACT,3,LAST_DEPShort,0
484,FIDEL_PT_RANGE,1,NEST,3,FIRST_DEPShort,2,N_ACT,3,LAST_DEPShort,1
485,FIDEL_PT_RANGE,1,NEST,3,FIRST_DEPShort,2,N_ACT,3,LAST_DEPShort,2
486,FIDEL_PT_RANGE,1,NEST,4,FIRST_DEPShort,0,N_ACT,3,LAST_DEPShort,0
487,FIDEL_PT_RANGE,1,NEST,4,FIRST_DEPShort,0,N_ACT,3,LAST_DEPShort,1
488,FIDEL_PT_RANGE,1,NEST,4,FIRST_DEPShort,0,N_ACT,3,LAST_DEPShort,2
489,FIDEL_PT_RANGE,1,NEST,4,FIRST_DEPShort,1,N_ACT,3,LAST_DEPShort,0
490,FIDEL_PT_RANGE,1,NEST,4,FIRST_DEPShort,1,N_ACT,3,LAST_DEPShort,1
491,FIDEL_PT_RANGE,1,NEST,4,FIRST_DEPShort,1,N_ACT,3,LAST_DEPShort,2
492,FIDEL_PT_RANGE,1,NEST,4,FIRST_DEPShort,2,N_ACT,3,LAST_DEPShort,0
493,FIDEL_PT_RANGE,1,NEST,4,FIRST_DEPShort,2,N_ACT,3,LAST_DEPShort,1
494,FIDEL_PT_RANGE,1,NEST,4,FIRST_DEPShort,2,N_ACT,3,LAST_DEPShort,2
495,FIDEL_PT_RANGE,2,NEST,0,FIRST_DEPShort,0,N_ACT,3,LAST_DEPShort,0
496,FIDEL_PT_RANGE,2,NEST,0,FIRST_DEPShort,0,N_ACT,3,LAST_DEPShort,1
497,FIDEL_PT_RANGE,2,NEST,0,FIRST_DEPShort,0,N_ACT,3,LAST_DEPShort,2
498,FIDEL_PT_RANGE,2,NEST,0,FIRST_DEPShort,1,N_ACT,3,LAST_DEPShort,0
499,FIDEL_PT_RANGE,2,NEST,0,FIRST_DEPShort,1,N_ACT,3,LAST_DEPShort,1
500,FIDEL_PT_RANGE,2,NEST,0,FIRST_DEPShort,1,N_ACT,3,LAST_DEPShort,2
501,FIDEL_PT_RANGE,2,NEST,0,FIRST_DEPShort,2,N_ACT,3,LAST_DEPShort,0
502,FIDEL_PT_RANGE,2,NEST,0,FIRST_DEPShort,2,N_ACT,3,LAST_DEPShort,1
503,FIDEL_PT_RANGE,2,NEST,0,FIRST_DEPShort,2,N_ACT,3,LAST_DEPShort,2
504,FIDEL_PT_RANGE,2,NEST,1,FIRST_DEPShort,0,N_ACT,3,LAST_DEPShort,0
505,FIDEL_PT_RANGE,2,NEST,1,FIRST_DEPShort,0,N_ACT,3,LAST_DEPShort,1
506,FIDEL_PT_RANGE,2,NEST,1,FIRST_DEPShort,0,N_ACT,3,LAST_DEPShort,2
507,FIDEL_PT_RANGE,2,NEST,1,FIRST_DEPShort,1,N_ACT,3,LAST_DEPShort,0
508,FIDEL_PT_RANGE,2,NEST,1,FIRST_DEPShort,1,N_ACT,3,LAST_DEPShort,1
509,FIDEL_PT_RANGE,2,NEST,1,FIRST_DEPShort,1,N_ACT,3,LAST_DEPShort,2
510,FIDEL_PT_RANGE,2,NEST,1,FIRST_DEPShort,2,N_ACT,3,LAST_DEPShort,0
511,FIDEL_PT_RANGE,2,NEST,1,FIRST_DEPShort,2,N_ACT,3,LAST_DEPShort,1
512,FIDEL_PT_RANGE,2,NEST,1,FIRST_DEPShort,2,N_ACT,3,LAST_DEPShort,2
513,FIDEL_PT_RANGE,2,NEST,2,FIRST_DEPShort,0,N_ACT,3,LAST_DEPShort,0
514,FIDEL_PT_RANGE,2,NEST,2,FIRST_DEPShort,0,N_ACT,3,LAST_DEPShort,1
515,FIDEL_PT_RANGE,2,NEST,2,FIRST_DEPShort,0,N_ACT,3,LAST_DEPShort,2
516,FIDEL_PT_RANGE,2,NEST,2,FIRST_DEPShort,1,N_ACT,3,LAST_DEPShort,0
517,FIDEL_PT_RANGE,2,NEST,2,FIRST_DEPShort,1,N_ACT,3,LAST_DEPShort,1
518,FIDEL_PT_RANGE,2,NEST,2,FIRST_DEPShort,1,N_ACT,3,LAST_DEPShort,2
519,FIDEL_PT_RANGE,2,NEST,2,FIRST_DEPShort,2,N_ACT,3,LAST_DEPShort,0
520,FIDEL_PT_RANGE,2,NEST,2,FIRST_DEPShort,2,N_ACT,3,LAST_DEPShort,1
521,FIDEL_PT_RANGE,2,NEST,2,FIRST_DEPShort,2,N_ACT,3,LAST_DEPShort,2
522,FIDEL_PT_RANGE,2,NEST,3,FIRST_DEPShort,0,N_ACT,3,LAST_DEPShort,0
523,FIDEL_PT_RANGE,2,NEST,3,FIRST_DEPShort,0,N_ACT,3,LAST_DEPShort,1
524,FIDEL_PT_RANGE,2,NEST,3,FIRST_DEPShort,0,N_ACT,3,LAST_DEPShort,2
525,FIDEL_PT_RANGE,2,NEST,3,FIRST_DEPShort,1,N_ACT,3,LAST_DEPShort,0
526,FIDEL_PT_RANGE,2,NEST,3,FIRST_DEPShort,1,N_ACT,3,LAST_DEPShort,1
527,FIDEL_PT_RANGE,2,NEST,3,FIRST_DEPShort,1,N_ACT,3,LAST_DEPShort,2
528,FIDEL_PT_RANGE,2,NEST,3,FIRST_DEPShort,2,N_ACT,3,LAST_DEPShort,0
529,FIDEL_PT_RANGE,2,NEST,3,FIRST_DEPShort,2,N_ACT,3,LAST_DEPShort,1
530,FIDEL_PT_RANGE,2,NEST,3,FIRST_DEPShort,2,N_ACT,3,LAST_DEPShort,2
531,FIDEL_PT_RANGE,2,NEST,4,FIRST_DEPShort,0,N_ACT,3,LAST_DEPShort,0
532,FIDEL_PT_RANGE,2,NEST,4,FIRST_DEPShort,0,N_ACT,3,LAST_DEPShort,1
533,FIDEL_PT_RANGE,2,NEST,4,FIRST_DEPShort,0,N_ACT,3,LAST_DEPShort,2
534,FIDEL_PT_RANGE,2,NEST,4,FIRST_DEPShort,1,N_ACT,3,LAST_DEPShort,0
535,FIDEL_PT_RANGE,2,NEST,4,FIRST_DEPShort,1,N_ACT,3,LAST_DEPShort,1
536,FIDEL_PT_RANGE,2,NEST,4,FIRST_DEPShort,1,N_ACT,3,LAST_DEPShort,2
537,FIDEL_PT_RANGE,2,NEST,4,FIRST_DEPShort,2,N_ACT,3,LAST_DEPShort,0
538,FIDEL_PT_RANGE,2,NEST,4,FIRST_DEPShort,2,N_ACT,3,LAST_DEPShort,1
539,FIDEL_PT_RANGE,2,NEST,4,FIRST_DEPShort,2,N_ACT,3,LAST_DEPShort,2
